Amanda,60724341472617,35,M,og,44,74,5593096482,Pobowap
Abbie,07815895075294,31,M,bemah,84,61,9240650465,Tafiunu
Walter,52285608317497,40,M,vofla,67,83,8511730710,Zikohnuv
Verna,50219168939013,25,M,son,90,06,6836575818,Moinemez
Leah,40591016402255,57,M,ugidi,07,99,4455568638,Bagowte
Norman,82145465145778,23,M,meuwbif,60,44,2986791927,Ivaliaj
Minnie,75637681615547,39,M,do,96,14,9231672330,Avjarin
Darrell,64129904251286,41,M,cizoihi,18,71,8767129926,Muklijbis
Elijah,91103404349532,57,M,eh,64,71,2178013675,Okzosik
Harold,72757906753981,46,M,komohkat,28,22,6742229433,Vifjeaz
Jesse,21371876901489,30,M,juhnub,06,25,7979439746,Hawunvo
Mamie,17097487361028,56,M,evebe,95,97,7894721218,Sasazcov
Craig,97468872478805,25,M,ib,88,67,2368830850,Updesef
Micheal,07548485667219,53,M,pezrobaf,14,39,2826580943,Rejrapu
Mason,69753589834693,38,M,sozuw,79,40,0360779925,Luructuw
Susie,89585899000021,32,M,cimifed,92,18,3782348414,Amcubrup
Linnie,98316335461403,31,M,culihuw,94,17,4381587792,Sadeno
Susie,67080942520303,26,M,nolaw,47,88,8776283209,Mosulva
Richard,83757914662777,28,M,vut,22,03,0813680792,Gakrumoj
Caleb,40880651157249,45,M,ivaguc,61,53,8510857599,Bufijus
Louisa,21324618222572,41,M,niofabu,74,03,9050161542,Aboziaf
Blanche,74703532505243,37,M,eruku,42,15,4364791316,Tiwdepu
Barbara,21526482148159,19,M,ice,48,91,4894242422,Laptaubu
Willie,50358271681663,27,M,pewrim,02,85,6606706446,Vekevuro
Jeremiah,99016139952326,58,M,miju,91,49,2853410361,Rajhesrum
Elsie,41751292862971,30,M,zup,91,79,9421673775,Lafzasu
Rebecca,75142118649123,30,M,hum,19,85,2037126789,Cahzunem
Roxie,27843690201404,49,M,mivuli,15,40,9407023357,Hikemiso
Anne,98179625613706,31,M,ar,98,59,3213918127,Mejihav
Francisco,06928372051711,24,M,lebiehu,04,17,1419733233,Ifapekaw
Jack,96054525935009,33,M,pevalfut,68,05,1252136326,Otnuri
Calvin,08690051914768,58,M,mo,71,63,1612381050,Foepola
Dennis,22618024968725,27,M,puej,38,15,1017997286,Piecbe
Mollie,97519778546206,45,M,si,28,92,4573974846,Afihovet
Frank,58914240187354,54,M,sat,94,77,8987506945,Zagecebok
Leona,73958038885097,27,M,tin,21,33,0394937279,Zohkuiki
Marvin,34021698826979,42,M,hu,68,59,0692193205,Gektuihi
Francisco,57589170995495,23,M,pi,21,06,1828903809,Dujarate
Lulu,62501477784078,38,M,vi,14,11,8145041497,Bejairu
Jeffrey,99772653444365,42,M,ragvudic,78,80,0568328583,Bohukej
Marvin,00928888264488,37,M,geuw,08,35,4182778853,Macpemol
Essie,53342988530028,62,M,dag,18,27,8855940176,Zuszaum
Marc,65214100706281,21,M,ducahvi,81,45,8606623640,Suetvo
Callie,96188767199548,34,M,awefa,69,50,1564150608,Rolago
Verna,21410141333721,43,M,rizgajo,44,35,1246742054,Vusugiki
David,20059332112793,21,M,vavukti,10,07,5131036551,Wamenig
Jackson,13907704843114,28,M,bize,96,45,3252015050,Jepete
Jessie,15914776554674,50,M,donug,63,38,4262294134,Dijjobu
Antonio,18905593971866,46,M,libwivla,62,96,8178271772,Mabagavi
Lucile,60834036613134,56,M,fowciur,55,93,9580705433,Ivepecaga
Mattie,86873382389380,64,M,periwfe,25,64,4265193081,Icolukum
Dylan,97173494711083,51,M,fejza,57,57,2598453790,Eveoziek
Blanche,46233794829948,28,M,nohuvemug,21,74,3660645548,Tipohi
Gertrude,15411057785633,21,M,ubiezde,18,13,0045151837,Diwimum
Eliza,28739415114170,33,M,ajcelfef,33,27,8940749719,Tewlawge
Linnie,87715994846735,49,M,ciwbejori,37,17,3679499695,Tostibgi
Lydia,27412783105032,24,M,ba,01,33,2269787406,Bikbodes
Cornelia,68051705725046,31,M,satvuhzes,54,29,2492126716,Ibalakkez
Bobby,09261200866929,61,M,busez,91,22,4236080578,Hoggolmo
Harriet,09542706898251,47,M,doetage,32,86,9646631779,Junsacsef
Leonard,34818932472100,31,M,cugegoh,07,62,9713636156,Fovokade
Floyd,40970538690288,33,M,fo,56,67,1555357121,Imeitoas
Rosie,66749199658111,37,M,cac,76,42,9786880724,Kullajut
Kyle,19902225748317,38,M,so,14,45,7742400555,Morvoes
Christine,22598442391867,47,M,rih,92,75,9972059840,Nihosih
Warren,86205738415208,57,M,jo,05,29,8571554400,Pufrafav
Austin,16550602659845,59,M,casat,76,76,9751397895,Wewukpur
George,17004346090738,38,M,wo,12,75,3833934050,Avwufil
Kyle,85278320910000,38,M,mugos,82,51,0687935762,Zucokreh
David,54829436103503,33,M,vikvi,02,78,0861157376,Ciwevcur
Cecilia,64429313668498,54,M,lihonlig,86,63,5288238391,Worafze
Leo,30356928704681,26,M,muwew,91,75,3502282413,Udigihuj
Francis,83390843197973,37,M,nik,20,69,8080135053,Agmesib
Cole,46925177496874,46,M,colo,83,32,3768277888,Kulbames
Allie,68431026865132,33,M,vuppekka,14,55,8827181994,Binujfa
Zachary,82698513512934,48,M,lekpuh,35,82,5640155680,Dopekupan
Agnes,96090208308562,34,M,zabuvre,86,03,6011815953,Wubothav
Ola,85811297187391,26,M,ja,30,43,0588981702,Topejle
Gavin,50718508409409,38,M,eta,98,45,6423293712,Fogzuvwic
Warren,73551065466021,23,M,powsaw,41,29,9158129103,Mezampo
Nelle,93558540506054,36,M,zojva,83,76,8830541459,Ostuni
Leon,84512255653397,25,M,fa,10,67,3506944947,Ifhora
Theodore,69134602260322,62,M,un,52,12,3904475990,Fiesli
Abbie,79081151840880,36,M,sejoplo,59,33,8110450208,Hoasta
Genevieve,11466904266194,46,M,vi,18,25,2241280852,Warosca
Alta,75817278706075,24,M,mim,77,79,7960394287,Kooper
Brett,49989870744832,65,M,nohwih,56,03,2953879075,Joftefjab
Justin,66927403335322,41,M,henwe,61,94,3167734818,Emuhecem
Derek,29156283937116,24,M,obuimumut,11,19,5060314828,Ewcecmul
Billy,24689519335228,29,M,ife,33,12,6634167973,Recjohma
Hunter,43652029615091,35,M,gapecun,94,01,3227131544,Wisibulom
Ruby,31946555523475,39,M,kiha,88,27,9124127019,Gujuwwad
Luis,50624094451754,19,M,mook,90,04,1414899054,Cocalzed
Henry,26015850888535,47,M,upodu,30,02,0852257296,Filcevnag
Maurice,78424226386247,23,M,fuk,13,63,2395512212,Kafubug
Roy,62142810867145,39,M,ritud,87,41,8928518733,Lapeupe
Marvin,14852308653467,21,M,to,03,08,4022065608,Aladitrob
Matilda,20149757015703,43,M,viwakir,18,68,0272470347,Ijfoza
Mark,15809764665782,26,M,cerdan,07,11,0743109346,Zaucwoz
Steven,89635146971455,43,M,itutuvhi,80,59,9315621126,Tercorek

fsdsd,fdxds,23,d,sddsfs,34,56,33324,fvcdfdsc
fsfd,3456,43,m,fgds,34,56,456432,ghgbfd
fdsfdfd,34354,32,m,fgds,23,345,3456,fbvdcsf
dsas,23,22,f,gfdcx,34,454,34543,rgfdsd
vhfchg,6768797,54,m,hyjgfchg,67,98,6757898,jbvcfghj

fgfds,345432,21,m,tygrfd,45,65,65435432,fdsxc
mshdh,12233,32,m,gdgfdfrd,45,89,7585984,jfbkjdsnk
sdd,232,34,m,ertgfd,45,345,345432,fdgfhgfd
